segment_id,direction,is_mainline,is_ramp,chainage_start_km,chainage_end_km,length_m,road_class,is_interchange_related,interchange_name,total_accidents,fatal_accidents,fatalities,injuries,primary_causes
YE_MAIN_NB_026,NB,True,False,21.536,22.476,939.9279986457044,motorway,False,,0,0,0,0,None
YE_MAIN_NB_027,NB,True,False,22.476,23.416,939.9279986456283,motorway,False,,0,0,0,0,None
YE_MAIN_NB_028,NB,True,False,23.416,24.356,939.9279986457075,motorway,False,,0,0,0,0,None
YE_MAIN_NB_029,NB,True,False,24.356,24.803,447.40008473576177,motorway,False,,0,0,0,0,None
YE_MAIN_NB_030,NB,True,False,24.803,25.867,1063.9917813009486,motorway,False,,0,0,0,0,None
YE_MAIN_NB_031,NB,True,False,25.867,26.931,1063.991781300709,motorway,False,,0,0,0,0,None
YE_MAIN_NB_032,NB,True,False,26.931,27.995,1063.9917813009683,motorway,False,,1,1,2,5,Fog / Poor Visibility
YE_MAIN_NB_033,NB,True,False,27.995,28.308,312.93444388754426,motorway,False,,0,0,0,0,None
YE_MAIN_NB_034,NB,True,False,28.308,28.913,605.2264989983117,motorway,False,,0,0,0,0,None
YE_MAIN_NB_035,NB,True,False,28.913,29.887,973.3157768718643,motorway,False,,0,0,0,0,None
YE_MAIN_NB_036,NB,True,False,29.887,30.829,942.6515988208727,motorway,False,,0,0,0,0,None
YE_MAIN_NB_037,NB,True,False,30.829,31.772,942.6515988209173,motorway,False,,0,0,0,0,None
YE_MAIN_NB_038,NB,True,False,31.772,32.714,942.6515988208944,motorway,False,,1,1,4,8,Fog Pileup
YE_MAIN_NB_039,NB,True,False,32.714,33.657,942.6515988208503,motorway,False,,0,0,0,0,None
YE_MAIN_NB_040,NB,True,False,33.657,34.721,1063.9917813008506,motorway,False,,0,0,0,0,None
YE_MAIN_NB_041,NB,True,False,34.721,35.664,942.65159882085,motorway,False,,0,0,0,0,None
YE_MAIN_NB_042,NB,True,False,35.664,36.637,973.3157768720765,motorway,False,,0,0,0,0,None
YE_MAIN_NB_043,NB,True,False,36.637,37.61,973.3157768719313,motorway,False,,0,0,0,0,None
YE_MAIN_NB_044,NB,True,False,37.61,38.584,973.315776871942,motorway,False,,1,1,1,1,Drowsy Driving
YE_MAIN_NB_045,NB,True,False,38.584,39.557,973.3157768719173,motorway,False,,0,0,0,0,None
YE_MAIN_NB_046,NB,True,False,39.557,40.561,1003.7279673265957,motorway,False,,0,0,0,0,None
YE_MAIN_NB_047,NB,True,False,40.561,41.564,1003.7279673265396,motorway,False,,0,0,0,0,None
YE_MAIN_NB_048,NB,True,False,41.564,42.568,1003.7279673267982,motorway,False,,0,0,0,0,None
YE_MAIN_NB_049,NB,True,False,42.568,43.572,1003.7279673263183,motorway,False,,0,0,0,0,None
YE_MAIN_NB_050,NB,True,False,43.572,44.576,1003.7279673267099,motorway,False,,0,0,0,0,None
YE_MAIN_NB_051,NB,True,False,44.576,45.573,997.6264757150833,motorway,False,,0,0,0,0,None
YE_MAIN_NB_052,NB,True,False,45.573,46.571,997.6264757149443,motorway,False,,0,0,0,0,None
YE_MAIN_NB_053,NB,True,False,46.571,47.569,997.6264757150976,motorway,False,,0,0,0,0,None
YE_MAIN_NB_054,NB,True,False,47.569,48.566,997.6264757149883,motorway,False,,0,0,0,0,None
YE_MAIN_NB_055,NB,True,False,48.566,49.564,997.6264757149518,motorway,False,,0,0,0,0,None
YE_MAIN_NB_056,NB,True,False,49.564,50.513,948.843027499983,motorway,False,,1,1,2,2,Overspeeding
YE_MAIN_NB_057,NB,True,False,50.513,51.461,948.8430275002238,motorway,False,,0,0,0,0,None
YE_MAIN_NB_058,NB,True,False,51.461,52.41,948.8430275001574,motorway,False,,0,0,0,0,None
YE_MAIN_NB_059,NB,True,False,52.41,53.359,948.8430274999934,motorway,False,,0,0,0,0,None
YE_MAIN_NB_060,NB,True,False,53.359,54.308,948.8430274999885,motorway,False,,0,0,0,0,None
YE_MAIN_NB_061,NB,True,False,54.308,55.311,1002.856745900044,motorway,False,,0,0,0,0,None
YE_MAIN_NB_062,NB,True,False,55.311,56.314,1002.8567459004435,motorway,False,,0,0,0,0,None
YE_MAIN_NB_063,NB,True,False,56.314,57.317,1002.8567459001639,motorway,False,,0,0,0,0,None
YE_MAIN_NB_064,NB,True,False,57.317,58.319,1002.8567459001223,motorway,False,,0,0,0,0,None
YE_MAIN_NB_065,NB,True,False,58.319,59.322,1002.8567458999607,motorway,False,,0,0,0,0,None
YE_MAIN_NB_066,NB,True,False,59.322,60.387,1064.8067802381522,motorway,False,,0,0,0,0,None
YE_MAIN_NB_067,NB,True,False,60.387,61.452,1064.8067802383266,motorway,False,,0,0,0,0,None
YE_MAIN_NB_068,NB,True,False,61.452,62.517,1064.8067802381838,motorway,False,,1,0,0,4,Overspeeding
YE_MAIN_NB_069,NB,True,False,62.517,63.582,1064.8067802381943,motorway,False,,0,0,0,0,None
YE_MAIN_NB_070,NB,True,False,63.582,64.646,1064.8067802384169,motorway,False,,0,0,0,0,None
YE_MAIN_NB_071,NB,True,False,64.646,65.268,621.9491439208198,motorway,False,,0,0,0,0,None
YE_MAIN_NB_072,NB,True,False,65.268,66.197,928.4785813014184,motorway,False,,0,0,0,0,None
YE_MAIN_NB_073,NB,True,False,66.197,66.954,757.0989028975215,motorway,False,,0,0,0,0,None
YE_MAIN_NB_074,NB,True,False,66.954,67.711,757.0989028979319,motorway,False,,0,0,0,0,None
YE_MAIN_NB_075,NB,True,False,67.711,68.753,1042.0576677829745,motorway,False,,0,0,0,0,None
YE_MAIN_NB_076,NB,True,False,68.753,69.795,1042.0576677826828,motorway,False,,0,0,0,0,None
YE_MAIN_NB_077,NB,True,False,69.795,70.837,1042.0576677831286,motorway,False,,0,0,0,0,None
YE_MAIN_NB_078,NB,True,False,70.837,71.879,1042.057667783116,motorway,False,,0,0,0,0,None
YE_MAIN_NB_079,NB,True,False,71.879,72.921,1042.057667782772,motorway,False,,0,0,0,0,None
YE_MAIN_NB_080,NB,True,False,72.921,73.963,1042.0576677829476,motorway,False,,0,0,0,0,None
YE_MAIN_NB_081,NB,True,False,73.963,74.49,526.5762888043585,motorway,False,,0,0,0,0,None
YE_MAIN_NB_082,NB,True,False,74.49,75.124,633.639770019957,motorway,False,,0,0,0,0,None
YE_MAIN_NB_083,NB,True,False,75.124,76.228,1104.2847458000049,motorway,False,,0,0,0,0,None
YE_MAIN_NB_084,NB,True,False,76.228,77.332,1104.2847457995244,motorway,False,,1,1,2,1,Drunken Driving
YE_MAIN_NB_085,NB,True,False,77.332,78.436,1104.2847457996813,motorway,False,,0,0,0,0,None
YE_MAIN_NB_086,NB,True,False,78.436,79.541,1104.2847457999223,motorway,False,,0,0,0,0,None
YE_MAIN_NB_087,NB,True,False,79.541,79.99,449.5433874816924,motorway,False,,0,0,0,0,None
YE_MAIN_NB_088,NB,True,False,79.99,80.981,991.0468948115331,motorway,False,,0,0,0,0,None
YE_MAIN_NB_089,NB,True,False,80.981,81.972,991.0468948121159,motorway,False,,0,0,0,0,None
YE_MAIN_NB_090,NB,True,False,81.972,82.963,991.0468948116546,motorway,False,,0,0,0,0,None
YE_MAIN_NB_091,NB,True,False,82.963,83.954,991.0468948116245,motorway,False,,0,0,0,0,None
YE_MAIN_NB_092,NB,True,False,83.954,84.945,991.046894811961,motorway,False,,0,0,0,0,None
YE_MAIN_NB_093,NB,True,False,84.945,85.936,991.0468948117307,motorway,False,,0,0,0,0,None
YE_MAIN_NB_094,NB,True,False,85.936,86.928,991.0468948116915,motorway,False,,0,0,0,0,None
YE_MAIN_NB_095,NB,True,False,86.928,87.919,991.0468948116047,motorway,False,,0,0,0,0,None
YE_MAIN_NB_096,NB,True,False,87.919,88.91,991.0468948119797,motorway,False,,0,0,0,0,None
YE_MAIN_NB_097,NB,True,False,88.91,89.901,991.046894811497,motorway,False,,0,0,0,0,None
YE_MAIN_NB_098,NB,True,False,89.901,90.892,991.0468948119017,motorway,False,,0,0,0,0,None
YE_MAIN_NB_099,NB,True,False,90.892,91.883,991.0468948118478,motorway,False,,0,0,0,0,None
YE_MAIN_NB_100,NB,True,False,91.883,92.874,991.0468948115259,motorway,False,,0,0,0,0,None
YE_MAIN_NB_101,NB,True,False,92.874,93.865,991.0468948119055,motorway,False,,0,0,0,0,None
YE_MAIN_NB_102,NB,True,False,93.865,94.856,991.0468948115188,motorway,False,,0,0,0,0,None
YE_MAIN_NB_103,NB,True,False,94.856,95.847,991.0468948120049,motorway,False,,0,0,0,0,None
YE_MAIN_NB_104,NB,True,False,95.847,96.838,991.046894811499,motorway,False,,0,0,0,0,None
YE_MAIN_NB_105,NB,True,False,96.838,97.829,991.0468948117004,motorway,False,,0,0,0,0,None
YE_MAIN_NB_106,NB,True,False,97.829,98.82,991.0468948118659,motorway,False,,0,0,0,0,None
YE_MAIN_NB_107,NB,True,False,98.82,99.811,991.0468948119518,motorway,False,,0,0,0,0,None
YE_MAIN_NB_108,NB,True,False,99.811,100.802,991.0468948117182,motorway,False,,1,0,0,1,Tyre Burst
YE_MAIN_NB_109,NB,True,False,100.802,101.793,991.0468948115163,motorway,False,,0,0,0,0,None
YE_MAIN_NB_110,NB,True,False,101.793,102.784,991.0468948119214,motorway,False,,0,0,0,0,None
YE_MAIN_NB_111,NB,True,False,102.784,103.775,991.0468948117556,motorway,False,,0,0,0,0,None
YE_MAIN_NB_112,NB,True,False,103.775,104.766,991.0468948117484,motorway,False,,0,0,0,0,None
YE_MAIN_NB_113,NB,True,False,104.766,105.606,840.0755979308713,motorway,False,,0,0,0,0,None
YE_MAIN_NB_114,NB,True,False,105.606,106.447,840.0755979308323,motorway,False,,0,0,0,0,None
YE_MAIN_NB_115,NB,True,False,106.447,107.287,840.075597931009,motorway,False,,0,0,0,0,None
YE_MAIN_NB_116,NB,True,False,107.287,108.324,1036.9053245412535,motorway,False,,0,0,0,0,None
YE_MAIN_NB_117,NB,True,False,108.324,109.358,1034.8810119611437,motorway,False,,0,0,0,0,None
YE_MAIN_NB_118,NB,True,False,109.358,110.399,1040.743423777761,motorway,False,,0,0,0,0,None
YE_MAIN_NB_119,NB,True,False,110.399,111.44,1040.7434237778536,motorway,False,,0,0,0,0,None
YE_MAIN_NB_120,NB,True,False,111.44,112.481,1040.74342377786,motorway,False,,0,0,0,0,None
YE_MAIN_NB_121,NB,True,False,112.481,113.521,1040.7434237777554,motorway,False,,0,0,0,0,None
YE_MAIN_NB_122,NB,True,False,113.521,114.562,1040.7434237779528,motorway,False,,0,0,0,0,None
YE_MAIN_NB_123,NB,True,False,114.562,115.539,977.3362214437973,motorway,False,,0,0,0,0,None
YE_MAIN_NB_124,NB,True,False,115.539,116.517,977.3362214437874,motorway,False,,1,1,1,1,Stationary Vehicle Collision
YE_MAIN_NB_125,NB,True,False,116.517,117.494,977.3362214437748,motorway,False,,0,0,0,0,None
YE_MAIN_NB_126,NB,True,False,117.494,118.471,977.3362214436554,motorway,False,,0,0,0,0,None
YE_MAIN_NB_127,NB,True,False,118.471,119.449,977.3362214440247,motorway,False,,0,0,0,0,None
YE_MAIN_NB_128,NB,True,False,119.449,120.432,982.7625782650096,motorway,False,,0,0,0,0,None
YE_MAIN_NB_129,NB,True,False,120.432,121.414,982.7625782654897,motorway,False,,0,0,0,0,None
YE_MAIN_NB_130,NB,True,False,121.414,122.397,982.7625782649284,motorway,False,,0,0,0,0,None
YE_MAIN_NB_131,NB,True,False,122.397,123.38,982.7625782650141,motorway,False,,0,0,0,0,None
YE_MAIN_NB_132,NB,True,False,123.38,124.363,982.7625782653353,motorway,False,,0,0,0,0,None
YE_MAIN_NB_133,NB,True,False,124.363,125.345,982.7625782651915,motorway,False,,0,0,0,0,None
YE_MAIN_NB_134,NB,True,False,125.345,126.328,982.7625782651561,motorway,False,,0,0,0,0,None
YE_MAIN_NB_135,NB,True,False,126.328,127.498,1170.2091457938386,motorway,False,,0,0,0,0,None
YE_MAIN_NB_136,NB,True,False,127.498,128.73,1231.2941572951831,motorway,False,,0,0,0,0,None
YE_MAIN_NB_137,NB,True,False,128.73,129.961,1231.294157295148,motorway,False,,1,0,0,4,Drowsy Driving
YE_MAIN_NB_138,NB,True,False,129.961,130.947,986.4353926770564,motorway,False,,0,0,0,0,None
YE_MAIN_NB_139,NB,True,False,130.947,131.934,986.4353926768167,motorway,False,,0,0,0,0,None
YE_MAIN_NB_140,NB,True,False,131.934,132.92,986.4353926770424,motorway,False,,0,0,0,0,None
YE_MAIN_NB_141,NB,True,False,132.92,133.907,986.4353926769307,motorway,False,,0,0,0,0,None
YE_MAIN_NB_142,NB,True,False,133.907,134.893,986.435392676732,motorway,False,,0,0,0,0,None
YE_MAIN_NB_143,NB,True,False,134.893,135.88,986.435392677138,motorway,False,,0,0,0,0,None
YE_MAIN_NB_144,NB,True,False,135.88,136.382,502.09355281030315,motorway,False,,1,1,1,2,Fog / Poor Visibility
YE_MAIN_NB_145,NB,True,False,136.382,137.297,915.6226909025146,motorway,False,,0,0,0,0,None
YE_MAIN_NB_146,NB,True,False,137.297,138.213,915.6226909028692,motorway,False,,0,0,0,0,None
YE_MAIN_NB_147,NB,True,False,138.213,139.032,819.2231458469874,motorway,False,,0,0,0,0,None
YE_MAIN_NB_148,NB,True,False,139.032,139.851,819.2231458465706,motorway,False,,0,0,0,0,None
YE_MAIN_NB_149,NB,True,False,139.851,140.972,1120.3057204036588,motorway,False,,1,0,0,3,Overspeeding
YE_MAIN_NB_150,NB,True,False,140.972,142.092,1120.3057204038241,motorway,False,,0,0,0,0,None
YE_MAIN_NB_151,NB,True,False,142.092,142.509,416.76521995593635,motorway,False,,0,0,0,0,None
YE_MAIN_NB_152,NB,True,False,142.509,142.543,34.14635791083763,motorway,False,,0,0,0,0,None
YE_MAIN_NB_153,NB,True,False,142.543,142.847,304.1818724563921,motorway,False,,0,0,0,0,None
YE_MAIN_NB_154,NB,True,False,142.847,143.914,1066.7978247731965,motorway,False,,0,0,0,0,None
YE_MAIN_NB_155,NB,True,False,143.914,144.981,1066.797824772888,motorway,False,,0,0,0,0,None
YE_MAIN_NB_156,NB,True,False,144.981,146.06,1079.4581480303898,motorway,False,,0,0,0,0,None
YE_MAIN_NB_157,NB,True,False,146.06,147.14,1079.458148030742,motorway,False,,0,0,0,0,None
YE_MAIN_NB_158,NB,True,False,147.14,148.219,1079.45814803065,motorway,False,,0,0,0,0,None
YE_MAIN_NB_159,NB,True,False,148.219,148.878,659.4416559665995,motorway,False,,0,0,0,0,None
YE_MAIN_NB_160,NB,True,False,148.878,149.895,1016.9026156309251,motorway,False,,0,0,0,0,None
YE_MAIN_NB_161,NB,True,False,149.895,150.912,1016.9026156308958,motorway,False,,1,1,1,2,Fog / Poor Visibility
YE_MAIN_NB_162,NB,True,False,150.912,151.929,1016.9026156308367,motorway,False,,0,0,0,0,None
YE_MAIN_NB_163,NB,True,False,151.929,152.946,1016.9026156311791,motorway,False,,0,0,0,0,None
YE_MAIN_NB_164,NB,True,False,152.946,153.963,1016.902615630705,motorway,False,,0,0,0,0,None
YE_MAIN_NB_165,NB,True,False,153.963,154.98,1016.902615631022,motorway,False,,0,0,0,0,None
YE_MAIN_NB_166,NB,True,False,154.98,156.133,1152.6643196308758,motorway,False,,0,0,0,0,None
YE_MAIN_NB_167,NB,True,False,156.133,157.285,1152.6643196312132,motorway,False,,0,0,0,0,None
YE_MAIN_NB_168,NB,True,False,157.285,158.483,1197.7283884710578,motorway,False,,0,0,0,0,None
YE_MAIN_NB_169,NB,True,False,158.483,159.681,1197.7283884711323,motorway,False,,0,0,0,0,None
YE_MAIN_NB_170,NB,True,False,159.681,160.73,1049.5863277176325,motorway,False,,0,0,0,0,None
YE_MAIN_NB_171,NB,True,False,160.73,161.78,1049.5863277178219,motorway,False,,0,0,0,0,None
YE_MAIN_NB_172,NB,True,False,161.78,162.829,1049.586327717981,motorway,False,,0,0,0,0,None
YE_MAIN_NB_173,NB,True,False,162.829,163.934,1104.5081228854924,motorway,False,,0,0,0,0,None
YE_MAIN_NB_174,NB,True,False,163.934,165.038,1104.5081228860963,motorway,False,,0,0,0,0,None
YE_MAIN_NB_175,NB,True,False,165.038,166.143,1104.5081228856045,motorway,False,,0,0,0,0,None
YE_MAIN_NB_176,NB,True,False,166.143,167.247,1104.5081228856432,motorway,False,,0,0,0,0,None
YE_MAIN_NB_177,NB,True,False,167.247,168.272,1024.767681684918,motorway,False,,0,0,0,0,None
YE_MAIN_NB_178,NB,True,False,168.272,169.297,1024.7676816852997,motorway,False,,0,0,0,0,None
YE_MAIN_NB_179,NB,True,False,169.297,170.322,1024.767681685061,motorway,False,,0,0,0,0,None
YE_MAIN_NB_180,NB,True,False,170.322,171.346,1024.7676816850146,motorway,False,,0,0,0,0,None
YE_MAIN_NB_181,NB,True,False,171.346,172.371,1024.7676816851144,motorway,False,,0,0,0,0,None
YE_MAIN_NB_182,NB,True,False,172.371,173.396,1024.767681685445,motorway,True,Greater Noida / Pari Chowk (Zero Point),0,0,0,0,None
YE_MAIN_NB_183,NB,True,False,173.396,174.421,1024.7676816849403,motorway,True,Greater Noida / Pari Chowk (Zero Point),0,0,0,0,None
YE_RAMP_001,NB,False,True,,,463.48460717311843,motorway_link,True,Eastern Peripheral Expressway (EPE) Interchange,0,0,0,0,None
YE_RAMP_002,SB,False,True,,,655.9288397127707,motorway_link,True,Eastern Peripheral Expressway (EPE) Interchange,0,0,0,0,None
YE_RAMP_003,SB,False,True,,,144.76203064341453,motorway_link,True,Eastern Peripheral Expressway (EPE) Interchange,0,0,0,0,None
YE_RAMP_004,NB,False,True,,,419.78452552842055,motorway_link,True,Eastern Peripheral Expressway (EPE) Interchange,0,0,0,0,None
YE_RAMP_005,SB,False,True,,,745.6067305990085,motorway_link,True,Eastern Peripheral Expressway (EPE) Interchange,0,0,0,0,None
YE_RAMP_006,NB,False,True,,,1293.3116920663017,motorway_link,True,Jewar / Noida International Airport Interchange,0,0,0,0,None
YE_RAMP_007,NB,False,True,,,52.201700317247315,motorway_link,True,Jewar / Noida International Airport Interchange,0,0,0,0,None
YE_RAMP_008,NB,False,True,,,13.988336726209235,motorway_link,True,Jewar / Noida International Airport Interchange,0,0,0,0,None
YE_RAMP_009,NB,False,True,,,494.75744680739996,motorway_link,True,Tappal / Aligarh (SH-22) Interchange,0,0,0,0,None
YE_RAMP_010,NB,False,True,,,45.81709701543812,motorway_link,True,Tappal / Aligarh (SH-22) Interchange,0,0,0,0,None
YE_RAMP_011,NB,False,True,,,32.53746460727328,motorway_link,True,Tappal / Aligarh (SH-22) Interchange,0,0,0,0,None
YE_RAMP_012,NB,False,True,,,8.284788492550046,motorway_link,True,Tappal / Aligarh (SH-22) Interchange,0,0,0,0,None
YE_RAMP_013,NB,False,True,,,9.446524339254555,motorway_link,True,Tappal / Aligarh (SH-22) Interchange,0,0,0,0,None
YE_RAMP_014,NB,False,True,,,41.9920708109167,motorway_link,True,Tappal / Aligarh (SH-22) Interchange,0,0,0,0,None
YE_RAMP_015,SB,False,True,,,858.260322283733,motorway_link,True,Tappal / Aligarh (SH-22) Interchange,0,0,0,0,None
YE_RAMP_016,NB,False,True,,,83.97312808623803,motorway_link,True,Tappal / Aligarh (SH-22) Interchange,0,0,0,0,None
YE_RAMP_017,NB,False,True,,,68.5180029598875,motorway_link,True,Tappal / Aligarh (SH-22) Interchange,0,0,0,0,None
YE_RAMP_018,SB,False,True,,,27.670241931852992,motorway_link,True,Tappal / Aligarh (SH-22) Interchange,0,0,0,0,None
YE_RAMP_019,SB,False,True,,,41.80671406463937,motorway_link,True,Tappal / Aligarh (SH-22) Interchange,0,0,0,0,None
YE_RAMP_020,SB,False,True,,,7.982204653309562,motorway_link,True,Tappal / Aligarh (SH-22) Interchange,0,0,0,0,None
YE_RAMP_021,SB,False,True,,,8.397485999714096,motorway_link,True,Tappal / Aligarh (SH-22) Interchange,0,0,0,0,None
YE_RAMP_022,SB,False,True,,,34.39008311080155,motorway_link,True,Tappal / Aligarh (SH-22) Interchange,0,0,0,0,None
YE_RAMP_023,SB,False,True,,,36.20380767209378,motorway_link,True,Tappal / Aligarh (SH-22) Interchange,0,0,0,0,None
YE_RAMP_024,NB,False,True,,,1010.598979114836,motorway_link,True,Tappal / Aligarh (SH-22) Interchange,0,0,0,0,None
YE_RAMP_025,SB,False,True,,,554.4435830504187,motorway_link,True,Tappal / Aligarh (SH-22) Interchange,0,0,0,0,None
YE_RAMP_026,NB,False,True,,,530.0273436299967,motorway_link,True,Raya / Mathura-Vrindavan Interchange,0,0,0,0,None
YE_RAMP_027,NB,False,True,,,265.36535169615956,motorway_link,True,Raya / Mathura-Vrindavan Interchange,0,0,0,0,None
YE_RAMP_028,SB,False,True,,,294.4247728359307,motorway_link,True,Raya / Mathura-Vrindavan Interchange,0,0,0,0,None
YE_RAMP_029,SB,False,True,,,27.974347531976704,motorway_link,True,Raya / Mathura-Vrindavan Interchange,0,0,0,0,None
YE_RAMP_030,SB,False,True,,,86.68032335706636,motorway_link,True,Raya / Mathura-Vrindavan Interchange,0,0,0,0,None
YE_RAMP_031,NB,False,True,,,696.5275203360715,motorway_link,True,Raya / Mathura-Vrindavan Interchange,0,0,0,0,None
YE_RAMP_032,SB,False,True,,,294.9212520369454,motorway_link,True,Raya / Mathura-Vrindavan Interchange,0,0,0,0,None
YE_RAMP_033,NB,False,True,,,546.6052611311733,motorway_link,True,Raya / Mathura-Vrindavan Interchange,0,0,0,0,None
YE_RAMP_034,NB,False,True,,,865.1038196026007,motorway_link,True,Raya / Mathura-Vrindavan Interchange,0,0,0,0,None
YE_RAMP_035,SB,False,True,,,947.7483996589584,motorway_link,True,Raya / Mathura-Vrindavan Interchange,0,0,0,0,None
YE_RAMP_036,SB,False,True,,,941.4199003498527,motorway_link,True,Raya / Mathura-Vrindavan Interchange,0,0,0,0,None
YE_RAMP_037,NB,False,True,,,974.8491624123085,motorway_link,True,Raya / Mathura-Vrindavan Interchange,0,0,0,0,None
YE_RAMP_038,NB,False,True,,,2733.390832624002,"['motorway_link', 'motorway']",True,Agra / Kuberpur (NH-19 Terminus),0,0,0,0,None
YE_RAMP_039,SB,False,True,,,2715.1526635124233,"['motorway_link', 'motorway']",True,Agra / Kuberpur (NH-19 Terminus),0,0,0,0,None